id,balance_btc,balance_usd,user_id
2,0.0,500000.0,2
4,10.0,402920.0,3
6,0.0,500000.0,4
7,0.0,500000.0,5
8,0.0,500000.0,6
9,10.0,400650.0,7
11,10.0,413660.0,8
13,10.0,416780.0,9
14,5.0,462945.0,10
15,4.0,,11
16,0.0,500000.0,12
17,4.0,,13
20,31.0,268934.0,14
21,5.0,465790.0,15
23,17.0,480794.231143,16
25,1.0,493362.0,17
26,21.00707350000001,379486.1467077,1
